dataset,defined,90th percentile,95th percentile
markin,0.03362151777137368,0.03362151777137368,0.03170028818443804
